{
  "Clean": {
    "class_metrics": {
      "0": {
        "iou": 0.6022801514404514,
        "dice": 0.6049717568704971,
        "precision": 0.6025839083304403,
        "recall": 0.6238135705601593
      },
      "1": {
        "iou": 0.6757369614512472,
        "dice": 0.6757369614512472,
        "precision": 0.6757369614512472,
        "recall": 0.6757369614512472
      },
      "2": {
        "iou": 0.9750566893424036,
        "dice": 0.9750566893424036,
        "precision": 0.9750566893424036,
        "recall": 0.9750566893424036
      },
      "3": {
        "iou": 0.9138321995464853,
        "dice": 0.9138321995464853,
        "precision": 0.9138321995464853,
        "recall": 0.9138321995464853
      },
      "4": {
        "iou": 0.9433106575963719,
        "dice": 0.9433106575963719,
        "precision": 0.9433106575963719,
        "recall": 0.9433106575963719
      },
      "5": {
        "iou": 0.6349206349206349,
        "dice": 0.6349206349206349,
        "precision": 0.6349206349206349,
        "recall": 0.6349206349206349
      }
    },
    "macro_averages": {
      "iou": 0.7908562157162656,
      "dice": 0.7913048166212734,
      "precision": 0.7909068418645973,
      "recall": 0.7944451189028836
    }
  },
  "Smoke": {
    "class_metrics": {
      "0": {
        "iou": 0.6956084314793847,
        "dice": 0.6967947019662213,
        "precision": 0.6957333591518472,
        "recall": 0.7030437409951809
      },
      "1": {
        "iou": 0.6757369614512472,
        "dice": 0.6757369614512472,
        "precision": 0.6757369614512472,
        "recall": 0.6757369614512472
      },
      "2": {
        "iou": 0.9750566893424036,
        "dice": 0.9750566893424036,
        "precision": 0.9750566893424036,
        "recall": 0.9750566893424036
      },
      "3": {
        "iou": 0.9138321995464853,
        "dice": 0.9138321995464853,
        "precision": 0.9138321995464853,
        "recall": 0.9138321995464853
      },
      "4": {
        "iou": 0.9433106575963719,
        "dice": 0.9433106575963719,
        "precision": 0.9433106575963719,
        "recall": 0.9433106575963719
      },
      "5": {
        "iou": 0.6349206349206349,
        "dice": 0.6349206349206349,
        "precision": 0.6349206349206349,
        "recall": 0.6349206349206349
      }
    },
    "macro_averages": {
      "iou": 0.806410929056088,
      "dice": 0.8066086408038938,
      "precision": 0.8064317503348315,
      "recall": 0.8076501473087205
    }
  },
  "Blood": {
    "class_metrics": {
      "0": {
        "iou": 0.5568060168517524,
        "dice": 0.5596347164715754,
        "precision": 0.5568833810820978,
        "recall": 0.5854386513585693
      },
      "1": {
        "iou": 0.6757369614512472,
        "dice": 0.6757369614512472,
        "precision": 0.6757369614512472,
        "recall": 0.6757369614512472
      },
      "2": {
        "iou": 0.9750566893424036,
        "dice": 0.9750566893424036,
        "precision": 0.9750566893424036,
        "recall": 0.9750566893424036
      },
      "3": {
        "iou": 0.9138321995464853,
        "dice": 0.9138321995464853,
        "precision": 0.9138321995464853,
        "recall": 0.9138321995464853
      },
      "4": {
        "iou": 0.9433106575963719,
        "dice": 0.9433106575963719,
        "precision": 0.9433106575963719,
        "recall": 0.9433106575963719
      },
      "5": {
        "iou": 0.6349206349206349,
        "dice": 0.6349206349206349,
        "precision": 0.6349206349206349,
        "recall": 0.6349206349206349
      }
    },
    "macro_averages": {
      "iou": 0.7832771932848157,
      "dice": 0.7837486432214531,
      "precision": 0.7832900873232068,
      "recall": 0.7880492990359519
    }
  },
  "Reflection": {
    "class_metrics": {
      "0": {
        "iou": 0.59764834206795,
        "dice": 0.6002913639783208,
        "precision": 0.5979999158685253,
        "recall": 0.6204851802435412
      },
      "1": {
        "iou": 0.6757369614512472,
        "dice": 0.6757369614512472,
        "precision": 0.6757369614512472,
        "recall": 0.6757369614512472
      },
      "2": {
        "iou": 0.9750566893424036,
        "dice": 0.9750566893424036,
        "precision": 0.9750566893424036,
        "recall": 0.9750566893424036
      },
      "3": {
        "iou": 0.9138321995464853,
        "dice": 0.9138321995464853,
        "precision": 0.9138321995464853,
        "recall": 0.9138321995464853
      },
      "4": {
        "iou": 0.9433106575963719,
        "dice": 0.9433106575963719,
        "precision": 0.9433106575963719,
        "recall": 0.9433106575963719
      },
      "5": {
        "iou": 0.6349206349206349,
        "dice": 0.6349206349206349,
        "precision": 0.6349206349206349,
        "recall": 0.6349206349206349
      }
    },
    "macro_averages": {
      "iou": 0.7900842474875155,
      "dice": 0.790524751139244,
      "precision": 0.7901428431209446,
      "recall": 0.7938903871834473
    }
  },
  "Occlusion": {
    "class_metrics": {
      "0": {
        "iou": 0.5191187088258447,
        "dice": 0.5224293059717918,
        "precision": 0.5195355167640844,
        "recall": 0.543128609719698
      },
      "1": {
        "iou": 0.6757369614512472,
        "dice": 0.6757369614512472,
        "precision": 0.6757369614512472,
        "recall": 0.6757369614512472
      },
      "2": {
        "iou": 0.9750566893424036,
        "dice": 0.9750566893424036,
        "precision": 0.9750566893424036,
        "recall": 0.9750566893424036
      },
      "3": {
        "iou": 0.9138321995464853,
        "dice": 0.9138321995464853,
        "precision": 0.9138321995464853,
        "recall": 0.9138321995464853
      },
      "4": {
        "iou": 0.9433106575963719,
        "dice": 0.9433106575963719,
        "precision": 0.9433106575963719,
        "recall": 0.9433106575963719
      },
      "5": {
        "iou": 0.6349206349206349,
        "dice": 0.6349206349206349,
        "precision": 0.6349206349206349,
        "recall": 0.6349206349206349
      }
    },
    "macro_averages": {
      "iou": 0.7769959752804979,
      "dice": 0.7775477414714892,
      "precision": 0.7770654432702045,
      "recall": 0.7809976254294734
    }
  }
}